QuestionID,Question,OptionA,OptionB,OptionC,OptionD,CorrectAnswer
AL-012,Who is exempt from the Graduated Driver License requirements in Alabama?,Drivers who are currently employed full-time,Drivers who are married and head of household,Drivers who have completed driver education,Students who maintain a GPA of 3.0 or higher,B
AL-014,Which actions are prohibited under Alabama's hands-free driving law?,Holding phone plus texting plus videos plus recording,Making any phone calls while vehicle is moving now,Sending any text messages while vehicle is moving,Only watching videos while vehicle is in motion,A
AL-022,What does implied consent mean under Alabama law?,You may refuse chemical tests with no penalty,You must allow searches of your motor vehicle,You consent to chemical testing if DUI arrested,You agree to follow all traffic laws in state,C
AL-023,What happens if you refuse a chemical test when arrested for DUI in Alabama?,No penalty applies unless convicted of a DUI,You receive only a fine with no suspension,The DUI case against you will be dismissed,License is automatically suspended for 90 days,D
AL-024,Can you be charged with DUI in Alabama even if you were not driving?,Yes if in physical control of the vehicle,No you must be actively driving at the time,Only if engine was running at that moment,Only if you were in a private parking lot,A
AL-025,What factors can double the penalties for a DUI conviction in Alabama?,Driving at night or in bad weather conditions,BAC of 0.15% or higher or child under 14 present,Being charged with a DUI for the first time,Driving on highway or interstate at the time,B
AL-026,What is required to regain driving privileges after a DUI conviction in Alabama?,Only paying all required fines and court costs,Retaking the written portion of driving test,Substance abuse program and possible interlock,Waiting one year with a clean driving record,C
AL-030,What is the purpose of liability insurance in Alabama?,To cover damage done to your own vehicle,To cover theft or vandalism of your car,To cover only your own medical expenses,To cover claims if you cause an accident,D
AL-031,What must you do when approaching a stopped emergency vehicle with flashing lights in Alabama?,Move over to another lane or slow down,Slow down but remain in your current lane,Come to a complete stop behind the vehicle,Continue driving at your normal speed,A
AL-032,When are drivers required to use their headlights in Alabama?,Only during the hours between sunset and sunrise,Only when it is raining or during bad weather,Only when driving on highways and interstates,Sunset to sunrise or visibility under 500 feet,D
AL-039,What is the penalty for leaving the scene of an accident in Alabama?,A fine with no impact on driving record,A warning is issued for the first offense,Misdemeanor or felony plus license suspension,Points are added to your driving record,C
AL-040,When are you required to report an accident to law enforcement in Alabama?,Only if any person involved was injured,If there are injuries or death or major damage,Only if total damage exceeds $500 in value,All accidents must be reported to police,B
AK-007,Who is allowed to be a passenger when you hold a provisional license in Alaska?,Anyone at all regardless of their age,Only your siblings regardless of age,Only licensed drivers over age 21,No one under 21 unless supervised,D
AK-022,What does implied consent mean under Alaska law?,You consent to testing if arrested for DUI,You may refuse all tests without penalty,You must consent to vehicle searches,You agree to obey posted speed limits,A
AK-023,What happens if you refuse a chemical test when arrested for DUI in Alaska?,There is no penalty for the first refusal,You will only receive a monetary fine,Same penalties as DUI including revocation,The case against you will be dismissed,C
AK-031,What must you do when approaching a stopped emergency vehicle with flashing lights in Alaska?,Slow down but remain in your current lane,Move over to another lane or slow down,Come to complete stop behind the vehicle,Continue driving at your normal speed,B
AK-032,When are drivers required to use their headlights in Alaska?,Only during hours between sunset and sunrise,Only when it is snowing or in bad weather,Sunset to sunrise or visibility under 1000 ft,24 hours a day at all times while driving,C
AK-033,Can you be charged with DUI in Alaska even if you were not actually driving?,No you must be actively driving the car,Only if the engine was running at time,Only if you were on a public roadway,Yes if in physical control of vehicle,D
AK-035,How does Alaska treat DUI convictions from other states?,They may count as priors for sentencing,They are not counted or considered,Only federal DUI convictions count,They cause automatic license revocation,A
AK-039,What does Alaska's Good Samaritan law provide for underage drinkers?,There is no such law in the state,No charges if seeking medical help,Law only applies to adults over 21,Law only applies to drug overdoses,B
AK-040,What special license is available for teens in remote Alaska communities?,An enhanced permit with extra restrictions,Off-highway license without standard exam,A commercial license for work purposes,A motorcycle-only license for transport,B
AZ-013,Is Arizona a hands-free state for all drivers?,No only for teen drivers under 18,Only in designated school zones,Only for commercial vehicle drivers,Yes holding a phone is illegal for all,D
AZ-025,What does implied consent mean under Arizona law?,You can refuse all tests without penalty,You consent to BAC testing if arrested,You must consent to vehicle searches,You agree to obey all speed limits,B
AZ-029,What can happen if you drive without insurance in Arizona?,Suspension plus fines plus registration loss,A warning only for the first offense given,Points on your license but no fine given,No penalty at all for the first offense,A
AZ-031,What must you do when approaching a stopped emergency vehicle with flashing lights in Arizona?,Slow down but remain in your lane,Come to a complete stop behind it,Move over to another lane or slow down,Continue driving at your normal speed,C
AZ-033,When are drivers required to use their headlights in Arizona?,Only between sunset and sunrise hours,Sunset to sunrise or low visibility,Only during rain or severe weather,24 hours a day while on the road,B
AZ-034,What makes a DUI an Aggravated DUI (felony) in Arizona?,Having a high BAC level alone on record,A first offense that causes any injury,Third DUI or suspended license or child,Any refusal of a chemical test given,C
AZ-037,What device is required after a DUI conviction in Arizona?,A GPS tracker on your vehicle,A dashboard camera for monitoring,A speed limiter device installed,Ignition interlock on all vehicles,D
AZ-039,What does actual physical control mean in Arizona DUI law?,In position to operate even if not driving,Driving over the posted speed limit,Using cruise control while driving,Having physical possession of license,A
AR-003,What is required to advance from a learner's license to an intermediate license in Arkansas?,Complete a state-approved driving course,No serious violations for six months,Pass an additional written examination,Complete 50 hours of driving practice,B
AR-022,What does implied consent mean under Arkansas law?,You can refuse all tests without penalty,You consent to BAC testing if arrested,You agree to allow vehicle searches,You must always carry valid insurance,B
AR-029,What can happen if you drive without insurance in Arkansas?,Fines plus suspension plus registration loss,A warning only for the first offense given,Points on your license but no fine given,Community service hours are required here,A
AR-031,What must you do when approaching a stopped emergency vehicle with flashing lights in Arkansas?,Slow down but remain in your lane,Move over to another lane or slow down,Come to a complete stop behind it,Continue driving at your normal speed,B
AR-032,When are drivers required to use their headlights in Arkansas?,Only between sunset and sunrise hours,Only during rain or severe weather,Sunset to sunrise or low visibility,24 hours a day while on the road,C
AR-036,What happens if an intermediate license holder has a traffic violation in Arkansas?,A warning is issued for the first time,A fine only with no license impact,The license is immediately revoked,Must wait 6 months before advancing,D
AR-037,What should you do if you are involved in an accident in Arkansas?,Stop then exchange info then report if needed,Leave the scene to find help that is nearby,Move all vehicles first in all situations,Wait for the police before taking any action,A
CA-007,What exceptions exist for nighttime and passenger restrictions in California?,Parental permission is always enough,Medical or school or work with documents,Only in emergency situations allowed,No exceptions are allowed at any time,B
CA-009,What happens if you violate GDL restrictions in California?,A warning only for the first offense,A fine only with no license impact,Delayed license and violation on record,Community service hours are required,C
CA-015,How must a phone be mounted to be used legally while driving in California?,Anywhere inside your vehicle is acceptable,In the cupholder is the only legal option,No mounting is required under state law,Windshield or dash or console without blocking,D
CA-022,What happens if you are on DUI probation and drive with any alcohol in California?,Additional DUI charges and probation violation,No additional penalty applies in this case,A warning only for the first occurrence,A fine is issued but no jail is possible,A
CA-023,What does implied consent mean under California law?,You can refuse all tests without penalty,You consent to testing if lawfully arrested,You must agree to allow vehicle searches,You must always carry valid car insurance,B
CA-026,What must drivers on DUI probation do if asked to take a preliminary breath test in California?,They can refuse just like other drivers,They must call their lawyer first,They must take it unlike other drivers,They should wait for a blood test only,C
CA-031,What must you do when approaching a stopped emergency vehicle with flashing lights in California?,Slow down but stay in your current lane,Come to a complete stop behind the vehicle,Continue driving at your normal speed,Move over to another lane or slow down,D
CA-032,When are drivers required to use their headlights in California?,Sunset to sunrise or visibility under 1000 ft,Only between the hours of sunset and sunrise,Only during rain or other severe weather,24 hours a day at all times while driving,A
CA-039,What must you do if your vehicle breaks down on a California freeway?,Stay in your lane with hazard lights on,Pull completely off and stay from traffic,Wait for the police to arrive and help,Turn on your hazard lights and wait,B
CO-029,What can happen if you drive without insurance in Colorado?,A warning only for the first offense given,Points on your license but no fine given,Fines plus suspension plus registration loss,Nothing happens at all for first offense,C
CO-031,What must you do when approaching a stopped emergency vehicle with flashing lights in Colorado?,Slow down but stay in your current lane,Come to a complete stop behind the vehicle,Continue driving at your normal speed,Move over to another lane or slow down,D
CO-037,What is the penalty for a first violation of GDL restrictions in Colorado?,8-24 hours community service and a fine,A warning only for the first violation,Immediate license suspension applies,Jail time is required for violators,A
CT-007,What are the passenger restrictions for the first 6 months with a license in Connecticut?,No passengers under 21 years of age allowed,Only parents or instructors or 20+ experienced,Only one passenger is allowed at any time,Unlimited family members are always allowed,B
CT-018,What activity does Connecticut law prohibit while driving?,Only phone use is prohibited by law,Only eating while driving is banned,Any activity that interferes with safety,Only texting while driving is banned,C
CT-025,What happens if you refuse a chemical test in Connecticut?,No penalty applies for the first refusal,A warning only for the first offense,A fine only with no license suspension,45-day suspension and IID installation,D
CT-029,What can happen if you drive without insurance in Connecticut?,Fines plus suspension plus registration loss,A warning only for the first offense given,Points on your license but no fine given,Nothing happens at all for first offense,A
CT-032,What is the Impaired Driver Intervention Program in Connecticut?,Mandatory jail time for all offenders,Program that can dismiss a first OUI,A license restoration course only,A commercial driver program only,B
CT-033,Can you be charged with OUI in Connecticut without actually driving?,No you must be actively driving the car,Only if the engine was running at time,Yes just keys in ignition can be enough,Only if you were on a public roadway,C
DE-006,Who may supervise driving during the first 6 months with a permit in Delaware?,Any driver with a valid license,Only parents or legal guardians,Only professional driving instructors,Parents or adults 25+ with 5 years exp,D
DE-011,When does a Delaware Level 1 Permit automatically convert to a Class D license?,After 12 months valid with no suspensions,After 6 months of driving experience,Automatically at age 18 years old,After passing the road test exam,A
DE-012,What role does the sponsor play in Delaware's GDL program?,Only signs the initial license application,Final authority and can withdraw endorsement,Only supervises the behind-wheel practice,Only provides car insurance for the teen,B
DE-014,What devices are covered under Delaware's distracted driving law?,Only cell phones are covered by the state law,Only smartphones are covered by the state law,All electronics including phones tablets laptops,Only texting devices are covered by state law,C
DE-025,Can you be charged with DUI in Delaware without actually driving?,No you must be actively driving the car,Only if the engine was running at time,Only if you were in a parking lot,Yes if in physical control of vehicle,D
DE-028,What happens if you drive without insurance in Delaware?,$1500-2000 fine and 6-month suspension,A warning only for the first offense,Points on your license but no fine,Nothing happens for the first offense,A
DE-033,What is Delaware's zero tolerance policy for underage alcohol possession?,It only applies to those who are driving,Any possession can mean license loss,It only applies at bars and restaurants,It only applies on school grounds,B
DE-036,What must all DUI offenders complete in Delaware?,Nothing beyond paying the required fines,Community service hours are required,Drug and alcohol eval and treatment,A driving course is the only thing,C
DE-037,What is the penalty for school bus drivers using cell phones while driving in Delaware?,Same penalty that applies to other drivers,A warning only for the first offense,Immediate license suspension applies,$50-100 fine and possible endorsement loss,D
DE-039,What happens to permit suspension time in Delaware?,Must be added to the end of permit period,It is completely forgiven by the state,It resets the entire 12 month period,Paying the fine clears it completely,A
FL-028,What type of insurance is required for drivers in Florida?,Liability insurance only is required,PIP and property damage are required,Full coverage insurance is required,Collision insurance only is required,B
FL-029,What can happen if you drive without insurance in Florida?,A warning only for the first offense,A fine only with no license impact,Suspension and reinstatement fees apply,Nothing happens for the first offense,C
FL-031,What must you do when approaching a stopped emergency vehicle in Florida?,Slow down but stay in your current lane,Come to a complete stop behind the vehicle,Flash your headlights as a warning,Move over or slow to 20 mph below limit,D
FL-034,What happens to a permit holder with a traffic conviction in Florida?,Cannot get license for one year from date,A warning only for the first offense,A fine only with no license delay,Points are added to their record,A
FL-035,Can you use GPS navigation while driving in Florida?,No all phone use is banned while driving,Yes but hands-free in school and work zones,Only voice commands are allowed by law,Only when the vehicle is fully stopped,B
GA-013,What is the Hands-Free Georgia Act?,A ban on all phone use while driving,A teen-only phone restriction law,Requires hands-free devices while driving,A commercial driver regulation only,C
GA-015,What phone activities are prohibited by Georgia's hands-free law?,Holding phone plus texting reading or video,Only phone calls are prohibited by law,Only texting is prohibited while driving,Only video calls are prohibited by law,A
GA-031,What does Georgia's Move Over law require?,Move over for school buses only,Slow or move for emergency and utility,Move over only for police vehicles,Move over at all intersections,B
GA-032,When must headlights be turned on in Georgia?,Only between the hours sunset and sunrise,Only during rain or other severe weather,Sunset to sunrise or visibility under 500 ft,Only on highways and interstate roads,C
GA-036,What must you do when approaching a stopped school bus with flashing red lights in Georgia?,Slow down and pass the bus carefully,Honk your horn and proceed with care,Stop only if children are clearly visible,Stop and wait until lights stop flashing,D
GA-038,What is the Super Speeder law in Georgia?,Extra fine for 75+ on 2-lane or 85+ any road,A penalty for speeding in school zones,A penalty for speeding with passengers,A penalty for racing on public highways,A
HI-025,What does Hawaii's implied consent law mean?,You must consent to vehicle searches,Consent to testing if arrested for OVUII,You must consent to field sobriety tests,You must consent to vehicle impoundment,B
HI-030,When can a Hawaii driver sue for damages in an accident?,Always regardless of who is at fault,Never because it is a no-fault state,Only when injuries exceed PIP or serious,Only for property damage claims allowed,C
HI-032,What does Hawaii's Move Over law require?,Move or slow for emergency with flashers,Move over only for police cars,There is no move over law in Hawaii,Move over for all stopped vehicles,A
ID-005,What driving restrictions apply to Idaho drivers under 16?,Must have adult supervision at all times,Daylight only unless with adult 21+,No highway driving is allowed at all,No passengers are allowed at any time,B
ID-010,What happens to an Idaho teen's license after multiple violations?,Points accumulate until age 18 years,A warning only for the first offense,Paying fine clears the driving record,Suspension and extended restrictions apply,D
ID-014,What does Idaho's hands-free law prohibit while driving?,Holding any electronic device in hand,Talking on phones only while driving,Texting only is prohibited by law,Phone use only for teen drivers,A
ID-025,What does Idaho's implied consent law mean?,You must consent to vehicle searches,Auto consent to testing if arrested,Consent to preliminary breath tests,Consent to blood draws without warrant,B
ID-030,What happens if you drive without insurance in Idaho?,A warning only for the first offense given,A small fine only is applied to your record,Fines plus suspension plus registration loss,Points on your license but no fine given,C
ID-031,When must headlights be used in Idaho?,Sunset to sunrise only is required,Only during rain or storm weather,Only on rural roads is it required,Sunset to sunrise or under 500 ft,D
ID-032,What does Idaho's Move Over law require?,Move or slow for any flashing lights,Move over for emergency vehicles only,Move over only for police vehicles,There is no move over law in Idaho,A
ID-038,What should you know about wildlife on Idaho roads?,Wildlife is not a significant concern here,Watch for deer and elk and moose at dawn/dusk,Wildlife is only in national parks areas,Wildlife crossings are always clearly marked,B
IL-010,What is unique about driver education in Illinois?,It is optional for all age groups,A parent-taught option is available,Mandatory classroom and behind-wheel,It is available online only now,C
IL-011,What happens to an Illinois teen's license for moving violations?,A warning only for the first offense,Payment of fine only is required,Points that clear at age 18 years,May suspend with extended restrictions,D
IL-026,What does Illinois' implied consent law mean?,Auto consent to testing when driving,You must consent to vehicle searches,Consent to field sobriety tests only,Consent to blood draws only applies,A
IL-031,When must headlights be used in Illinois?,Sunset to sunrise only is required,Sunset to sunrise or under 1000 ft,Only during rain or other bad weather,Only on highways and interstates,B
IL-034,What should Illinois drivers know about the Chicago area?,Same rules apply as rest of the state,There are no cell phone laws there,Local ordinances and cameras differ,Only different speed limits apply,C
IL-035,What is Illinois law regarding school bus stops?,Stop only when on the same side,Slow down to 25 mph when passing,Stop only when red lights flash,Stop both ways unless barrier exists,D
IL-036,What is unique about Illinois toll roads?,Extensive tollway system with I-PASS,There are no toll roads in Illinois,Cash only tolls are accepted here,Toll roads are free for residents,A
IL-039,What should Illinois drivers know about winter driving?,Chains are always required in winter,No chains but snow tires are recommended,Studded tires are required by law,Salt trucks have the right of way,B
IN-026,What does Indiana's implied consent law mean?,You must consent to vehicle searches,Consent to field sobriety tests only,Auto consent to testing when driving,Consent to preliminary breath tests,C
IN-031,When must headlights be used in Indiana?,Sunset to sunrise only is required,Only during rain or severe weather,Only on highways and interstates,30 min after sunset plus low visibility,D
IN-032,What does Indiana's Move Over law require?,Slow or move for all flashing lights,Move over for emergency vehicles only,Move over only for police vehicles,There is no move over law in Indiana,A
IN-037,What should Indiana drivers know about roundabouts?,They are rare throughout the state,Indiana has many including multi-lane,They require stopping before entry,They give right of way to entering,B
IN-040,What should Indiana drivers know about Indianapolis Motor Speedway traffic?,Normal traffic rules always apply,There is no stopping near speedway,Special patterns during events,Lower speed limits apply year round,C
IA-009,Who can supervise an Iowa intermediate driver after curfew?,Any adult with a valid license,Parent or family 21+ or adult 25+,Only parents or legal guardians,No supervision is ever allowed,B
IA-012,What is notable about Iowa's permit age?,It is the highest in the nation,One of the youngest at age 14,Same as most other states at 15,Only available at age 16 years,B
IA-013,What does Iowa's distracted driving law prohibit?,Only phone calls while driving,Only texting while driving,All electronic device use,Only phone use for teen drivers,C
IA-018,What makes Iowa's distracted driving law unique?,It only applies to teenage drivers,Specifically bans entertainment devices,It only applies to texting by law,It only applies on state highways,B
IA-025,What does Iowa's implied consent law mean?,Auto consent to testing when driving,You can refuse all tests freely,Consent to vehicle searches only,Consent to field sobriety tests,A
IA-030,What happens if you drive without insurance in Iowa?,A warning only for the first offense,Suspension and liability for damages,A small fine only is applied,Points on your license but no fine,B
IA-031,When must headlights be used in Iowa?,Sunset to sunrise or under 500 ft,Sunset to sunrise only is required,Only during rain or severe weather,Only on rural roads is it required,A
IA-032,What does Iowa's Move Over law require?,Move over for emergency vehicles only,Slow or move for all flashing lights,Move over only for police vehicles,There is no move over law in Iowa,B
IA-034,What should Iowa drivers know about farm equipment?,They are prohibited on all public roads,They only operate during night hours,They are only in designated farm areas,Slow moving equipment is common and legal,D
IA-037,What should Iowa drivers know about winter conditions?,Snow is rare throughout the state,Severe winter weather is common,Salt trucks clear roads immediately,Chains are always required by law,B
IA-038,What is unique about Iowa license plates?,Only one design is available,Drivers can choose county or state,They are issued randomly by state,Personalized plates are not allowed,B
IA-039,What should Iowa drivers know about deer crossings?,Deer are not common in the state,Deer only cross at marked crossings,Deer crossings are common in fall,Deer only cross in rural areas,C
KS-018,What types of communication are prohibited by Kansas distracted driving law?,All written including email and social,Only text messages while driving cars,Only phone calls while driving cars,Only social media while driving cars,A
KS-023,What does Kansas' implied consent law mean?,Driving constitutes consent to testing,You can refuse all tests without penalty,Consent to all vehicle searches only,Consent to field sobriety tests only,A
KS-028,What type of insurance coverage is required in Kansas?,Full coverage insurance is required,Collision insurance only is needed,Comprehensive insurance is required,Minimum liability coverage is required,D
KS-030,What happens if you drive without insurance in Kansas?,A warning only for the first offense,A small fine only is applied to you,Points on your license but no fine,Fine plus suspension plus impoundment,D
KS-031,When must headlights be used in Kansas?,Sunset to sunrise only is required,Sunset to sunrise or under 1000 ft,Only during rain or severe weather,Only on highways and interstates,B
KS-032,What does Kansas' Move Over law require?,Slow or move for emergency and workers,Move over for emergency vehicles only,Move over only for police vehicles,There is no move over law in Kansas,A
KS-034,What weather conditions should Kansas drivers be prepared for?,Kansas has very mild weather always,Severe weather including tornadoes,Only winter weather is a concern,Only summer heat is a major concern,B
KS-037,What should Kansas drivers know about rural roads?,Rural roads are all well-maintained,Long straight roads can cause fatigue,Rural roads have higher speed limits,Rural roads are rarely traveled,B
KS-038,What is the Kansas Turnpike?,A free highway through the state,It is a toll road with K-TAG payment,A scenic highway through the state,A highway only for commercial trucks,B
KY-008,Who must supervise a Kentucky permit holder while driving?,Any adult with a valid drivers license,Licensed parent or guardian in front seat,Only professional driving instructors,Any licensed driver over age 21 years,B
KY-030,What happens if you drive without insurance in Kentucky?,A warning only for the first offense,A small fine only is applied to you,Fines plus suspension plus SR-22 required,Points on your license but no fine,C
KY-031,When must headlights be used in Kentucky?,Sunset to sunrise only is required,Only during rain or severe weather,Only on rural roads is required,Sunset to sunrise or under 500 feet,D
KY-032,What does Kentucky's Move Over law require?,Slow or move for emergency plus utility,Move over for emergency vehicles only,Move over only for police vehicles,There is no move over law in Kentucky,A
KY-034,What should Kentucky drivers know about mountain roads?,Mountain roads are rare in the state,Eastern Kentucky has winding hilly roads,Mountain roads have higher speed limits,Mountain roads are only in state parks,B
KY-037,What should Kentucky drivers know about coal trucks?,Coal trucks are prohibited on highways,Coal trucks are only in eastern areas,Large coal trucks are common on roads,Coal trucks have the right of way,C
KY-040,What is Kentucky law on following emergency vehicles?,Following is allowed at any distance,You may follow at a safe distance,Following within 500 feet is illegal,Following is only illegal in cities,C
LA-018,Is it illegal to use a phone in Louisiana school zones?,No phone restrictions in school zones,Hands-free is allowed in school zones,Only texting is banned in school zones,All phone use is banned in school zones,D
LA-025,When can Louisiana suspend your license before DUI conviction?,Never until after final conviction,Immediately upon arrest for any DUI,If you refuse testing or fail BAC test,Only for second or subsequent offense,C
LA-026,What is required for all Louisiana DUI offenders?,Nothing beyond paying fines and costs,Community service hours are required,Substance abuse evaluation and program,Only a driving course is required,C
LA-030,What happens if you drive without insurance in Louisiana?,A warning only for the first offense,Fines plus suspension plus reinstatement,A small fine only is applied to you,Points on your license but no fine,B
LA-031,When must headlights be used in Louisiana?,Sunset to sunrise or low visibility,Sunset to sunrise only is required,Only during rain or severe weather,Only on rural roads is required,A
LA-032,What does Louisiana's Move Over law require?,Move over for emergency vehicles only,Slow or move for emergency plus utility,Move over only for police vehicles,There is no move over law in Louisiana,B
LA-034,What should Louisiana drivers know about flooding?,Flooding is rare throughout the state,Only coastal areas experience flooding,Flash flooding is common statewide,Flooding only occurs during hurricanes,C
LA-037,What is unique about some Louisiana roads?,All roads are well above sea level,Some roads are below sea level areas,Louisiana has no toll roads at all,All roads are perfectly maintained,B
LA-038,What should Louisiana drivers know about hurricane evacuations?,Evacuations are never mandatory here,Only coastal residents must evacuate,Contraflow may reverse highway lanes,Evacuations are handled by police only,C
LA-040,What is unique about Louisiana traffic terms?,Louisiana uses standard US terms only,Parishes are used instead of counties,Louisiana uses metric measurements,Louisiana uses Canadian traffic terms,B
ME-009,Who must supervise a Maine permit holder while driving?,Any adult with a valid drivers license,Licensed driver 20+ with 2 years experience,Only professional driving instructors,Any licensed driver over age 21 years,B
ME-025,What does Maine's implied consent law mean?,Auto consent to testing when driving,You can refuse all tests without penalty,Consent to vehicle searches only,Consent to field sobriety tests only,A
ME-030,What happens if you drive without insurance in Maine?,A warning only for the first offense,Fines plus suspension plus SR-22 filing,A small fine only is applied to you,Points on your license but no fine,B
ME-031,When must headlights be used in Maine?,Sunset to sunrise only is required,Only during rain or severe weather,Sunset to sunrise or low visibility,Only on rural roads is required,C
ME-032,What does Maine's Move Over law require?,Move over for emergency vehicles only here,Move over only for police vehicles here,There is no move over law in Maine state,Slow or move for all emergency plus utility,D
ME-034,What should Maine drivers know about moose?,Moose are not found anywhere on Maine roads,Moose are serious hazard especially at night,Moose crossings are always clearly marked,Moose only appear in far northern Maine,B
ME-035,What is Maine law regarding school buses?,Stop only when on the same side of road,Slow down to 25 mph when passing buses,Stop both directions unless divided road,Stop only when red lights are flashing,C
ME-037,What should Maine drivers know about winter driving?,Snow is rare throughout the state,Severe winter conditions are common,Chains are always required in winter,Salt trucks clear roads immediately,B
ME-040,What should Maine drivers know about coastal fog?,Fog is rare along the Maine coast,Dense fog is common along the coast,Fog only occurs during summer months,Fog warnings are always posted ahead,B
MD-011,What happens if a Maryland provisional driver is convicted of a moving violation?,A warning only for the first offense,Fine only with no license impact,Possible suspension and extended wait,Points that clear at age 18 years,C
MD-024,What is the difference between DUI and DWI in Maryland?,They are exactly the same offense,DUI is higher BAC than DWI charge,DWI is higher BAC than DUI charge,DWI only applies to alcohol not drugs,B
MD-028,What unique insurance option does Maryland offer?,No special options are available,State fund for uninsured accidents,Free insurance for low income drivers,Insurance is provided by the state,B
MD-030,What happens if you drive without insurance in Maryland?,Fines plus suspension plus points,A warning only for the first offense,A small fine only is applied to you,Points on your license but no fine,A
MD-031,When must headlights be used in Maryland?,Sunset to sunrise only is required,Sunset to sunrise or low visibility,Only during rain or severe weather,Only on rural roads is required,B
MD-032,What does Maryland's Move Over law require?,Move over for emergency vehicles only,Move over only for police vehicles,Slow or move for emergency plus utility,There is no move over law in Maryland,C
MD-034,What should Maryland drivers know about the Baltimore-Washington area?,Traffic is light in the metro area,Heavy congestion and toll roads common,No toll roads exist in this area,Traffic rules differ from state laws,B
MD-037,What is unique about Maryland toll roads?,Maryland has no toll roads at all,Multiple toll facilities with E-ZPass,Cash only tolls are accepted here,Toll roads are free for residents,B
MD-038,What should Maryland drivers know about bay bridges?,There are no major bridges in the state,Bay Bridge can have high winds and delays,All bridges are completely free to cross,Bridges are only for commercial vehicle use,B
MA-006,How many passengers can a Massachusetts junior operator carry in the first 6 months?,Unlimited passengers are allowed,Only one passenger under 18 years,Only immediate family members allowed,No passengers under 18 except family,C
MA-007,After 6 months how many passengers can Massachusetts junior operators carry?,Unlimited passengers are allowed now,One passenger under 18 years old,Only immediate family members still,Up to three passengers under 18,B
MA-009,Who must supervise a Massachusetts permit holder?,Any adult with a valid drivers license,Parent or guardian or licensed adult 21+,Only professional driving instructors,Any licensed driver over age 25 years,B
MA-011,What happens if a Massachusetts junior operator commits a moving violation?,A warning only for the first offense,License suspended for 90 days minimum,Fine only with no license impact,Points that clear at age 18 years,B
MA-012,What is a Massachusetts junior operator license?,A license for commercial vehicles only,License for drivers 16-18 with limits,A license for motorcycles only here,A license for drivers over 65 years,B
MA-023,What is Massachusetts implied consent law?,Auto consent to chemical testing if arrested,You can refuse all tests without penalty,Consent to vehicle searches only applies,Consent to field sobriety tests only,A
MA-025,What happens if you refuse a chemical test in Massachusetts?,No penalty for the first refusal given,A fine only with no license suspension,Immediate license suspension for 180 days,The case against you will be dismissed,C
MA-026,What is the Melanie's Law in Massachusetts?,Teen passenger restriction law only,School zone speeding penalty law,Cell phone use ban for all drivers,Tough DUI law with ignition interlock,D
MA-031,When must headlights be used in Massachusetts?,Sunset to sunrise or low visibility times,Sunset to sunrise only is required by law,Only during rain or severe bad weather,Only on highways and interstates roads,A
MA-032,What does Massachusetts Move Over law require?,Move over for emergency vehicles only,Move over only for police vehicles,Slow or move for emergency plus utility,There is no move over law in state,C
MA-034,What should Massachusetts drivers know about the Boston area?,Traffic is light in the metro area,Traffic rules differ from state laws,No toll roads exist in this area,Complex roads and heavy congestion common,D
MA-036,What is the Massachusetts Safe Driver Insurance Plan?,Points system affecting insurance rates,State run insurance for all drivers,Free insurance for low income drivers,Insurance discount for safe drivers,A
MA-038,What should Massachusetts drivers know about rotaries?,Rotaries are rare in the state now,They require stopping before entering,Many rotaries exist with yield to traffic,They give right of way to entering,C
MI-008,What nighttime restrictions apply to Michigan Level 2 license?,No driving from 10 PM to 5 AM generally,No nighttime restrictions apply at all,No driving after sunset at any time,No driving from midnight to 6 AM only,A
MI-010,What happens to a Michigan Level 2 driver after a crash or violation?,A warning only for the first offense,Fine only with no license impact,Extended time at Level 2 is required,Points that clear at age 18 years,C
MI-018,What does Michigan law prohibit for all drivers?,Only texting while driving is banned,Only phone calls while driving,All handheld phone use while driving,Only phone use for teen drivers,C
MI-025,What does Michigan implied consent law mean?,You can refuse all tests without penalty,Consent to vehicle searches only,Consent to field sobriety tests only,Auto consent to testing when driving,D
MI-028,What type of insurance is required in Michigan?,Liability only insurance is required,Collision insurance only is needed,Comprehensive insurance is required,No-fault PIP insurance is required,D
MI-031,When must headlights be used in Michigan?,Sunset to sunrise or visibility under 500 ft,Sunset to sunrise only is required by law,Only during rain or other severe weather,Only on rural roads is it ever required,A
MI-032,What does Michigan Move Over law require?,Move over for emergency vehicles only,Move over only for police vehicles,There is no move over law in state,Slow or move for emergency plus utility,D
MI-034,What should Michigan drivers know about winter driving?,Lake effect snow creates hazardous driving,Snow is rare throughout the entire state,Chains are always required during winter,Salt trucks clear roads almost immediately,A
MI-037,What should Michigan drivers know about deer?,Deer are not common on Michigan roads,Deer only cross at marked crossings,Deer collisions are common in fall,Deer only appear in rural areas,C
MI-038,What is unique about Michigan roads?,All roads are perfectly maintained here,Michigan has no toll roads at all here,Michigan turnarounds for left turns exist,Roads use metric measurements only here,C
MI-040,What should Michigan drivers know about the Mackinac Bridge?,There are no major bridges in state,All bridges are free to cross,Bridges are only for commercial use,High winds may close or restrict bridge,D
MN-009,Who must supervise a Minnesota permit holder?,Licensed driver 21+ in front seat position,Any adult with a valid drivers license,Only professional driving instructors,Any licensed driver over age 25 years,A
MN-018,What does Minnesota hands-free law prohibit?,Only texting while driving is banned,Only phone calls while driving,All handheld phone use while driving,Only phone use for teen drivers,C
MN-025,What does Minnesota implied consent law mean?,Auto consent to testing when driving,You can refuse all tests without penalty,Consent to vehicle searches only,Consent to field sobriety tests only,A
MN-026,What makes Minnesota DUI laws unique?,DUI is only a misdemeanor offense,No ignition interlock is required,Vehicle forfeiture is possible for DUI,First offense has no license impact,C
MN-031,When must headlights be used in Minnesota?,Sunset to sunrise only is required,Only during rain or severe weather,Only on rural roads is required,Sunset to sunrise or low visibility,D
MN-032,What does Minnesota Move Over law require?,Move over for emergency vehicles only,Move over only for police vehicles,Slow or move for emergency plus utility,There is no move over law in state,C
MN-034,What should Minnesota drivers know about winter driving?,Snow is rare throughout the state,Chains are always required in winter,Salt trucks clear roads immediately,Severe winter conditions are common,D
MN-035,What is Minnesota law regarding school buses?,Stop in both directions unless barrier,Stop only when you are on the same side,Slow down to 25 mph when passing buses,Stop only when the red lights are flashing,A
MN-037,What should Minnesota drivers know about deer?,Deer collisions very common especially fall,Deer are not common on any state roads,Deer only cross at the marked crossings,Deer only appear in the rural areas here,A
MN-038,What should Minnesota drivers know about the Twin Cities?,Traffic is light in the metro area,No toll roads exist in this area,Heavy congestion during rush hours,Traffic rules differ from state laws,C
MN-040,What should Minnesota drivers know about rural roads?,Rural roads are all well maintained,Gravel roads are common in rural areas,Rural roads have higher speed limits,Rural roads are rarely traveled,B
MS-013,What is Mississippi law on texting while driving?,Texting is banned for all drivers now,Texting is legal for adult drivers,Only banned in school zones,Only banned for commercial drivers,A
MS-017,What phone restriction applies to Mississippi permit holders?,No phone restrictions apply at all,Hands-free is allowed for permits,Only texting is banned for permits,No wireless device use at all,D
MS-024,What does Mississippi implied consent law mean?,You can refuse all tests without penalty,Consent to vehicle searches only,Consent to field sobriety tests only,Auto consent to testing when driving,D
MS-032,What does Mississippi Move Over law require?,Move over for emergency vehicles only,Move over only for police vehicles,Slow or move for emergency plus utility,There is no move over law in state,C
MS-034,What should Mississippi drivers know about flooding?,Flooding is rare throughout the state,Only coastal areas experience flooding,Flash flooding is common statewide,Flooding only occurs during hurricanes,C
MS-037,What should Mississippi drivers know about deer?,Deer are not common on state roads,Deer only cross at marked crossings,Deer only appear in rural areas,Deer collisions are common in state,D
MS-038,What should Mississippi drivers know about logging trucks?,Logging trucks are prohibited on roads,Logging trucks are only in northern areas,Logging trucks have the right of way,Large logging trucks are common on roads,D
MS-040,What should Mississippi drivers know about the Gulf Coast?,The coast has no special driving concerns,Hurricane evacuation routes exist here,Coastal roads are always well maintained,The coast has higher speed limits,B
MO-016,What is Missouri law on texting while driving?,Texting is legal for all adult drivers,Texting is banned only for drivers under 22,Texting is banned for all drivers now,Only banned in school zones statewide,C
MO-026,What does Missouri implied consent law mean?,Auto consent to testing when driving,You can refuse all tests without penalty,Consent to vehicle searches only,Consent to field sobriety tests only,A
MO-031,When must headlights be used in Missouri?,Sunset to sunrise only is required,Only during rain or severe weather,Sunset to sunrise or low visibility,Only on rural roads is required,C
MO-032,What does Missouri Move Over law require?,Move over for emergency vehicles only,Slow or move for emergency plus utility,Move over only for police vehicles,There is no move over law in state,B
MO-034,What should Missouri drivers know about tornadoes?,Tornadoes are rare in Missouri state,Only western Missouri sees tornadoes,Tornado alley includes parts of state,Tornado warnings are always posted,C
MO-035,What is Missouri law regarding school buses?,Stop only when you are on the same side,Slow down to 25 mph when passing buses,Stop only when the red lights are flashing,Stop in both directions unless barrier,D
MO-037,What should Missouri drivers know about St. Louis and Kansas City?,Traffic is light in both metro areas,No toll roads exist in these areas,Traffic rules differ from state laws,Major metro areas with heavy traffic,D
MO-038,What should Missouri drivers know about the Ozarks?,The Ozarks have flat easy roads,Winding hilly roads require caution,The Ozarks have higher speed limits,The Ozarks are only in state parks,B
MO-040,What should Missouri drivers know about river flooding?,Flooding is rare throughout the state,Major rivers can flood roads often,Flooding only occurs in spring time,All roads are above flood levels,B
MT-006,What driving restrictions apply to Montana learners license?,No driving between midnight and 5 AM,No nighttime restrictions at all,No driving after 11 PM at all times,No driving from 8 PM to 6 AM,A
MT-024,What does Montana implied consent law mean?,You can refuse all tests without penalty,Consent to vehicle searches only,Auto consent to testing when driving,Consent to field sobriety tests only,C
MT-030,What happens if you drive without insurance in Montana?,A warning only for the first offense,A small fine only is applied to you,Points on your license but no fine,Fines plus suspension plus SR-22 filing,D
MT-031,When must headlights be used in Montana?,Sunset to sunrise or low visibility,Sunset to sunrise only is required,Only during rain or severe weather,Only on rural roads is required,A
MT-032,What does Montana Move Over law require?,Move over for emergency vehicles only,Move over only for police vehicles,Slow or move for emergency plus utility,There is no move over law in state,C
MT-035,What should Montana drivers know about wildlife?,Wildlife is not a significant concern,Wildlife only in national parks areas,Wildlife crossings are always marked,Deer elk and other wildlife common,D
MT-038,What should Montana drivers know about mountain passes?,Mountain passes have no special concerns,Passes may close in winter weather,All passes are open year round,Passes have higher speed limits,B
MT-040,What should Montana drivers know about long distances?,Services are frequent throughout state,Long distances between services exist,Speed limits are higher for distance,All roads have rest stops nearby,B
NE-024,What does Nebraska implied consent law mean?,Auto consent to testing when driving,You can refuse all tests without penalty,Consent to vehicle searches only,Consent to field sobriety tests only,A
NE-031,When must headlights be used in Nebraska?,Sunset to sunrise only is required,Sunset to sunrise or low visibility,Only during rain or severe weather,Only on rural roads is required,B
NE-032,What does Nebraska Move Over law require?,Move over for emergency vehicles only,Move over only for police vehicles,Slow or move for emergency plus utility,There is no move over law in state,C
NE-034,What should Nebraska drivers know about severe weather?,Severe weather is rare in the state,Only winter weather is a concern,Only summer heat is a major concern,Tornadoes and severe storms common,D
NE-035,What is Nebraska law regarding school buses?,Stop in both directions unless barrier,Stop only when you are on the same side,Slow down to 25 mph when passing buses,Stop only when the red lights are flashing,A
NE-038,What should Nebraska drivers know about I-80?,Major east-west interstate through state,I-80 is a toll road throughout state,I-80 is only for commercial trucks,I-80 has higher speed limits than others,A
NE-040,What should Nebraska drivers know about rural roads?,Rural roads are all well maintained,Rural roads have higher speed limits,Rural roads are rarely traveled now,Gravel roads common in rural areas,D
NV-006,What restriction applies to Nevada instruction permit holders?,No driving after sunset at any time,No driving at all on highways ever,Must have licensed adult supervise,No passengers under 18 years of age,C
NV-024,What does Nevada implied consent law mean?,Auto consent to testing when driving,You can refuse all tests without penalty,Consent to vehicle searches only here,Consent to field sobriety tests only,A
NV-031,When must headlights be used in Nevada?,Sunset to sunrise only is required,Only during rain or severe weather,Only on rural roads is required here,Sunset to sunrise or low visibility,D
NV-032,What does Nevada Move Over law require?,Slow or move for emergency plus utility,Move over for emergency vehicles only,Move over only for police vehicles,There is no move over law in state,A
NV-034,What should Nevada drivers know about desert driving?,Desert roads are always cool and safe,Services are frequent in desert areas,Extreme heat and long distances common,Desert roads have lower speed limits,C
NV-035,What is Nevada law regarding school buses?,Stop only when on the same side road,Slow down to 25 mph when passing bus,Stop only when red lights are flashing,Stop in both directions unless barrier,D
NV-037,What should Nevada drivers know about Las Vegas traffic?,Traffic is light in the metro area,No special concerns in Las Vegas,Heavy congestion especially near Strip,Traffic rules differ from state laws,C
NV-040,What should Nevada drivers know about winter driving in mountains?,Mountain passes may close in winter,No winter weather in Nevada state,All passes are open year round here,Passes have higher speed limits set,A
NH-008,What nighttime restrictions apply to New Hampshire youth operators?,No driving after sunset at any time,No nighttime restrictions apply at all,No driving from midnight to 5 AM only,No driving from 1 AM to 4 AM generally,D
NH-017,What is New Hampshire law on cell phones for young drivers?,No phone restrictions for any driver,Hands-free is allowed for all drivers,No cell phone use for drivers under 18,Only texting is banned for all drivers,C
NH-028,What is unique about New Hampshire auto insurance?,Insurance is mandatory for all drivers in state,State provides free insurance for all drivers,Insurance not mandatory but must show responsibility,Only liability insurance is required here,C
NH-029,What happens if uninsured and cause accident in New Hampshire?,A warning only for the first offense,A small fine only is applied to you,Points on your license but no fine,License suspension and must pay damages,D
NH-031,When must headlights be used in New Hampshire?,Sunset to sunrise or low visibility,Sunset to sunrise only is required,Only during rain or severe weather,Only on rural roads is required here,A
NH-032,What does New Hampshire Move Over law require?,Move over for emergency vehicles only,Move over only for police vehicles,Slow or move for emergency plus utility,There is no move over law in state,C
NH-034,What should New Hampshire drivers know about moose?,Moose are serious hazard at night,Moose are not found on New Hampshire roads,Moose crossings are always clearly marked,Moose only appear in far northern areas,A
NH-037,What should New Hampshire drivers know about winter driving?,Snow is rare throughout the state,Severe winter conditions are common,Chains are always required in winter,Salt trucks clear roads immediately,B
NH-040,What should New Hampshire drivers know about leaf peeping season?,Leaf season has no impact on traffic,Only locals drive during fall season,Tourist traffic increases significantly,Roads close during leaf peeping season,C
NJ-008,What nighttime restrictions apply to New Jersey GDL drivers?,No driving from 11:01 PM to 5 AM,No nighttime restrictions apply at all,No driving after sunset at any time,No driving from midnight to 6 AM only,A
NJ-009,What is the passenger restriction for New Jersey GDL drivers?,Unlimited passengers are allowed now,Only one passenger unless family,No passengers under age 18 allowed,Up to three passengers allowed now,B
NJ-030,What happens if you drive without insurance in New Jersey?,A warning only for the first offense,A small fine only is applied to you,Suspension plus fines plus surcharges,Points on your license but no fine,C
NJ-031,When must headlights be used in New Jersey?,Sunset to sunrise only is required,Only during rain or severe weather,Only on rural roads is required here,Sunset to sunrise or low visibility,D
NJ-032,What does New Jersey Move Over law require?,Slow or move for emergency plus utility,Move over for emergency vehicles only,Move over only for police vehicles,There is no move over law in state,A
NJ-034,What should New Jersey drivers know about jughandles?,Jughandles are rare in the state now,Jughandles are only in rural areas,Jughandles are used for left turns,Jughandles are being phased out,C
NJ-035,What is unique about New Jersey gas stations?,Self service is common everywhere,Full service is required by state law,Gas stations are state owned here,Cash only is accepted at stations,B
NJ-038,What should New Jersey drivers know about the Garden State Parkway?,The Parkway is a free highway here,Major toll road through the state,Only for commercial trucks allowed,The Parkway has no speed limits,B
NJ-040,What should New Jersey drivers know about shore traffic?,Shore traffic is light year round,No special concerns for shore areas,Traffic rules differ at the shore,Heavy summer traffic to shore points,D
NM-010,What happens to New Mexico provisional driver with a violation?,A warning only for the first offense,Fine only with no license impact,Extended time in provisional status,Points that clear at age 18 years,C
NM-024,What does New Mexico implied consent law mean?,Auto consent to testing when driving,You can refuse all tests without penalty,Consent to vehicle searches only here,Consent to field sobriety tests only,A
NM-030,What happens if you drive without insurance in New Mexico?,A warning only for the first offense,A small fine only is applied to you,Points on your license but no fine,Fines plus suspension plus community svc,D
NM-031,When must headlights be used in New Mexico?,Sunset to sunrise or low visibility,Sunset to sunrise only is required,Only during rain or severe weather,Only on rural roads is required here,A
NM-032,What does New Mexico Move Over law require?,Move over for emergency vehicles only,Move over only for police vehicles,Slow or move for emergency plus utility,There is no move over law in state,C
NM-034,What should New Mexico drivers know about desert driving?,Desert roads are always cool and safe,Services are frequent in desert areas,Desert roads have lower speed limits,Extreme heat and long distances common,D
NM-037,What should New Mexico drivers know about wildlife?,Watch for deer and elk on roadways,Wildlife is not a significant concern,Wildlife only in national parks areas,Wildlife crossings are always marked,A
NM-038,What should New Mexico drivers know about flash floods?,Flash floods are rare in New Mexico,Flash floods only occur in mountains,Flash floods can occur in dry areas,All roads are above flood levels here,C
NM-040,What should New Mexico drivers know about altitude?,High altitude affects drivers and cars,Altitude has no effect on driving at all,Only mountain passes have high altitude,Altitude only affects commercial trucks,A
NY-012,What happens if a New York junior driver is convicted of a violation?,A warning only for the first offense,Fine only with no license impact,Points that clear at age 18 years,Possible suspension and extended wait,D
NY-018,What is New York law on cell phones while driving?,No phone restrictions for any driver,Hands-free only is allowed for all,Only texting is banned for drivers,Only banned for commercial drivers,B
NY-025,What does New York implied consent law mean?,Auto consent to testing when driving,You can refuse all tests without penalty,Consent to vehicle searches only here,Consent to field sobriety tests only,A
NY-031,When must headlights be used in New York?,Sunset to sunrise only is required here,Only during rain or severe weather,Only on rural roads is required here,Sunset to sunrise or low visibility,D
NY-032,What does New York Move Over law require?,Slow or move for emergency plus utility,Move over for emergency vehicles only,Move over only for police vehicles,There is no move over law in state,A
NY-034,What should New York drivers know about New York City?,Traffic is light in the city area,No special concerns in the city,Heavy traffic and special local rules,Traffic rules same as rest of state,C
NY-036,What is the New York Point System?,Points on license for violations occur,Reward system for safe driving only,Insurance discount program for all,License renewal tracking system only,A
NY-037,What should New York drivers know about winter driving?,Snow is rare throughout the state,Chains are always required in winter,Salt trucks clear roads immediately,Severe winter conditions are common,D
NY-038,What should New York drivers know about toll roads?,New York has no toll roads at all,Cash only tolls are accepted here,Extensive toll system with E-ZPass,Toll roads are free for residents,C
NY-040,What should New York drivers know about the Thruway?,The Thruway is a free highway here,Only for commercial trucks allowed,The Thruway has no speed limits,Major toll road spanning the state,D
NC-006,What restrictions apply to North Carolina limited provisional license?,No driving between 9 PM and 5 AM,No nighttime restrictions apply,No driving after sunset at all,No driving from midnight to 6 AM,A
NC-009,Who can supervise a North Carolina permit holder?,Any adult with valid drivers license,Only professional driving instructors,Any licensed driver over age 25,Licensed driver 21+ with 5 yrs exp,D
NC-018,What is North Carolina law on cell phones for teen drivers?,No wireless device use at all period,No phone restrictions for any driver,Hands-free is allowed for all drivers,Only texting is banned for drivers,A
NC-026,What makes North Carolina DUI laws unique?,DUI is only a misdemeanor offense,No ignition interlock is ever required,Continuous alcohol monitoring possible,First offense has no license impact,C
NC-031,When must headlights be used in North Carolina?,Sunset to sunrise or low visibility,Sunset to sunrise only is required,Only during rain or severe weather,Only on rural roads is required,A
NC-032,What does North Carolina Move Over law require?,Move over for emergency vehicles only,Move over only for police vehicles,There is no move over law in state,Slow or move for emergency plus utility,D
NC-034,What should North Carolina drivers know about mountain driving?,Mountains are only in western part state,Mountain roads have higher speed limits,Mountain roads are all well maintained,Mountains have no special driving concerns,A
NC-037,What should North Carolina drivers know about hurricanes?,Hurricanes are rare in North Carolina,Only coastal areas need to evacuate,Evacuation routes exist for storms,Hurricanes only affect Outer Banks,C
NC-040,What should North Carolina drivers know about the Outer Banks?,Outer Banks has no special concerns,Special driving conditions and ferries,Outer Banks roads are all paved now,Traffic rules differ on Outer Banks,B
ND-010,What happens to North Dakota teen driver with violations?,A warning only for the first offense,Fine only with no license impact,Points that clear at age 18 years,Extended time in graduated status,D
ND-012,What is unique about North Dakota permit requirements?,Same as most other states in nation,One of few states allowing permit at 14,No permit required for any driver,Permit only available at age 16,B
ND-024,What does North Dakota implied consent law mean?,Auto consent to testing when driving,You can refuse all tests without penalty,Consent to vehicle searches only here,Consent to field sobriety tests only,A
ND-026,What is unique about North Dakota DUI laws?,DUI is only a misdemeanor offense,First offense has no license impact,24/7 sobriety program may be required,No ignition interlock is ever required,C
ND-031,When must headlights be used in North Dakota?,Sunset to sunrise only is required,Only during rain or severe weather,Only on rural roads is required here,Sunset to sunrise or low visibility,D
ND-032,What does North Dakota Move Over law require?,Slow or move for emergency plus utility,Move over for emergency vehicles only,Move over only for police vehicles,There is no move over law in state,A
ND-034,What should North Dakota drivers know about winter driving?,Snow is rare throughout the state,Chains are always required in winter,Severe winter conditions are common,Salt trucks clear roads immediately,C
ND-038,What should North Dakota drivers know about oil field traffic?,Oil field traffic is not a concern,Heavy truck traffic in oil areas,Oil trucks only in western areas,Oil trucks have the right of way,B
ND-040,What should North Dakota drivers know about long distances?,Services are frequent throughout state,Speed limits are higher for distance,All roads have rest stops nearby,Long distances between services exist,D
OH-009,Who can supervise an Ohio temporary permit holder?,Licensed driver 21+ in front seat,Any adult with valid drivers license,Only professional driving instructors,Any licensed driver over age 25,A
OH-025,What does Ohio implied consent law mean?,You can refuse all tests without penalty,Consent to vehicle searches only here,Auto consent to testing when driving,Consent to field sobriety tests only,C
OH-030,What happens if you drive without insurance in Ohio?,A warning only for the first offense,A small fine only is applied to you,Points on your license but no fine,Suspension plus reinstatement fees,D
OH-031,When must headlights be used in Ohio?,Sunset to sunrise or low visibility,Sunset to sunrise only is required,Only during rain or severe weather,Only on rural roads is required here,A
OH-032,What does Ohio Move Over law require?,Move over for emergency vehicles only,Slow or move for emergency plus utility,Move over only for police vehicles,There is no move over law in state,B
OH-034,What should Ohio drivers know about lake effect snow?,Lake effect snow is rare in Ohio state area,Lake effect creates heavy snow near Lake Erie,Lake effect only affects Cleveland area,Lake effect snow has ended in state now,B
OH-040,What should Ohio drivers know about Cincinnati and Cleveland?,Traffic is light in both metro areas,No special concerns in these areas,Major metro areas with heavy traffic,Traffic rules differ from state laws,C
OK-008,What nighttime restrictions apply to Oklahoma intermediate license?,No nighttime restrictions apply at all,No driving after sunset at any time,No driving from midnight to 5 AM only,No driving from 10 PM to 5 AM hours,D
OK-024,What does Oklahoma implied consent law mean?,Auto consent to testing when driving,You can refuse all tests without penalty,Consent to vehicle searches only here,Consent to field sobriety tests only,A
OK-030,What happens if you drive without insurance in Oklahoma?,A warning only for the first offense,Fines plus suspension plus SR-22 filing,A small fine only is applied to you,Points on your license but no fine,B
OK-031,When must headlights be used in Oklahoma?,Sunset to sunrise only is required,Only during rain or severe weather,Sunset to sunrise or low visibility,Only on rural roads is required here,C
OK-032,What does Oklahoma Move Over law require?,Move over for emergency vehicles only,Move over only for police vehicles,There is no move over law in state,Slow or move for emergency plus utility,D
OK-034,What should Oklahoma drivers know about tornadoes?,Tornadoes are rare in Oklahoma state,Only western Oklahoma sees tornadoes,Tornado warnings are always posted,Oklahoma is in Tornado Alley region,D
OK-037,What should Oklahoma drivers know about ice storms?,Ice storms are rare in Oklahoma state,Ice storms only affect northern areas,Ice storms can create dangerous roads,Ice storms only occur in mountains,C
OK-040,What should Oklahoma drivers know about the turnpike system?,Oklahoma has no toll roads at all here,Extensive turnpike system with Pikepass,Cash only tolls are accepted here,Turnpikes are free for all residents,B
OR-006,What restrictions apply to Oregon provisional license holders?,No driving between midnight and 5 AM,No nighttime restrictions apply at all,No driving after sunset at any time,No driving from 10 PM to 5 AM only,A
OR-016,What is Oregon law on cell phones for young drivers?,No phone restrictions for any driver,Hands-free is allowed for all drivers,Only texting is banned for all drivers,No mobile device use for drivers under 18,D
OR-028,What is unique about Oregon gas stations?,Self service is common everywhere now,Full service required in most counties,Gas stations are state owned here,Cash only is accepted at stations,B
OR-031,When must headlights be used in Oregon?,Sunset to sunrise only is required,Only during rain or severe weather,Sunset to sunrise or low visibility,Only on rural roads is required here,C
OR-032,What does Oregon Move Over law require?,Slow or move for emergency plus utility,Move over for emergency vehicles only,Move over only for police vehicles,There is no move over law in state,A
OR-034,What should Oregon drivers know about weather conditions?,Oregon has very mild weather always,Rain and fog are common in the state,Only eastern Oregon has bad weather,Weather has no effect on driving here,B
OR-037,What should Oregon drivers know about mountain passes?,Mountain passes have no special concerns,All passes are open year round here,Passes have higher speed limits set,Passes may close or need chains winter,D
OR-038,What should Oregon drivers know about coastal driving?,Coastal roads are always well maintained,No special concerns for coastal areas,Fog and winding roads along coast,Coastal roads have higher speed limits,C
PA-006,What restrictions apply to Pennsylvania junior license?,No nighttime restrictions apply at all,No driving from 11 PM to 5 AM hours,No driving after sunset at any time,No driving from midnight to 6 AM only,B
PA-025,What does Pennsylvania implied consent law mean?,You can refuse all tests without penalty,Auto consent to testing when driving,Consent to vehicle searches only here,Consent to field sobriety tests only,B
PA-026,What is the Accelerated Rehabilitative Disposition program in Pennsylvania?,Mandatory jail for first DUI offense,License restoration course only here,First-time DUI diversion program option,Commercial driver DUI program only,C
PA-030,What happens if you drive without insurance in Pennsylvania?,A warning only for the first offense,A small fine only is applied to you,Points on your license but no fine,Suspension plus fines plus restoration,D
PA-031,When must headlights be used in Pennsylvania?,Sunset to sunrise or low visibility,Sunset to sunrise only is required,Only during rain or severe weather,Only on rural roads is required here,A
PA-032,What does Pennsylvania Move Over law require?,Move over for emergency vehicles only,Slow or move for emergency plus utility,Move over only for police vehicles,There is no move over law in state,B
PA-036,What is unique about Pennsylvania vehicle inspection?,No vehicle inspection required here,Online inspection is available now,Annual safety and emissions inspection,Only emissions inspection required,C
PA-037,What should Pennsylvania drivers know about winter driving?,Snow is rare throughout the state,Chains are always required in winter,Salt trucks clear roads immediately,Severe winter conditions are common,D
PA-038,What should Pennsylvania drivers know about the Turnpike?,Pennsylvania Turnpike is free highway,Only for commercial trucks allowed,Major toll road with E-ZPass option,The Turnpike has no speed limits,C
PA-040,What should Pennsylvania drivers know about Philadelphia?,Traffic is light in the city area,No special concerns in the city,Traffic rules same as rest of state,Heavy traffic and parking challenges,D
RI-008,What nighttime restrictions apply to Rhode Island limited provisional license?,No driving from 1 AM to 5 AM hours,No nighttime restrictions apply at all,No driving after sunset at any time,No driving from midnight to 6 AM only,A
RI-009,What is the passenger restriction for Rhode Island limited provisional?,Unlimited passengers are allowed now,One non-family passenger under 21,No passengers under age 18 allowed,Up to three passengers allowed now,B
RI-026,What is unique about Rhode Island DUI laws?,DUI is only a misdemeanor offense,First offense has no license impact,Community service always required,No ignition interlock ever required,C
RI-030,What happens if you drive without insurance in Rhode Island?,A warning only for the first offense,A small fine only is applied to you,Fines plus suspension plus SR-22 filing,Points on your license but no fine,C
RI-031,When must headlights be used in Rhode Island?,Sunset to sunrise only is required,Sunset to sunrise or low visibility,Only during rain or severe weather,Only on rural roads is required here,B
RI-032,What does Rhode Island Move Over law require?,Slow or move for emergency plus utility,Move over for emergency vehicles only,Move over only for police vehicles,There is no move over law in state,A
RI-034,What should Rhode Island drivers know about traffic?,Traffic is light throughout the state,High congestion in small geographic area,No special traffic concerns at all,Traffic rules differ from other states,B
RI-038,What should Rhode Island drivers know about bridges?,There are no major bridges in state,All bridges are free to cross here,Several toll bridges and tunnels exist,Bridges are only for commercial use,C
SC-006,What restrictions apply to South Carolina conditional license?,No nighttime restrictions apply at all,No driving after sunset at any time,No driving from 6 PM to 6 AM hours,Nighttime driving only with supervisor,D
SC-018,What is South Carolina law on cell phones for drivers under 18?,No wireless device use allowed period,No phone restrictions for any driver,Hands-free is allowed for all drivers,Only texting is banned for drivers,A
SC-030,What happens if you drive without insurance in South Carolina?,A warning only for the first offense,Suspension plus fines plus uninsured fee,A small fine only is applied to you,Points on your license but no fine,B
SC-031,When must headlights be used in South Carolina?,Sunset to sunrise only is required,Only during rain or severe weather,Sunset to sunrise or low visibility,Only on rural roads is required here,C
SC-032,What does South Carolina Move Over law require?,Move over for emergency vehicles only,Move over only for police vehicles,There is no move over law in state,Slow or move for emergency plus utility,D
SC-034,What should South Carolina drivers know about hurricanes?,Hurricanes are rare in South Carolina,Only coastal areas need to evacuate,Evacuation routes exist for storms,Hurricanes only affect the coast,C
SC-035,What is South Carolina law regarding school buses?,Stop only when on the same side road,Stop in both directions unless barrier,Slow down to 25 mph when passing bus,Stop only when red lights are flashing,B
SD-005,What driving restrictions apply to South Dakota learners permit?,Must have licensed adult supervise,No supervision required at any time,Only parents can supervise driving,Only instructors can supervise,A
SD-011,What is unique about South Dakota permit age?,Same as most other states in nation,One of few states allowing permit at 14,No permit required for any driver,Permit only available at age 16,B
SD-031,When must headlights be used in South Dakota?,Sunset to sunrise only is required,Only during rain or severe weather,Only on rural roads is required here,Sunset to sunrise or low visibility,D
SD-032,What does South Dakota Move Over law require?,Slow or move for emergency plus utility,Move over for emergency vehicles only,Move over only for police vehicles,There is no move over law in state,A
SD-037,What should South Dakota drivers know about winter driving?,Snow is rare throughout the state,Chains are always required in winter,Severe winter conditions are common,Salt trucks clear roads immediately,C
SD-038,What should South Dakota drivers know about Sturgis Rally?,Sturgis has no impact on traffic ever,Massive motorcycle rally causes traffic,Rally is only for local residents,Traffic rules change during rally,B
SD-040,What should South Dakota drivers know about wildlife?,Wildlife is not a significant concern,Wildlife only in national parks areas,Wildlife crossings are always marked,Deer and other wildlife are common,D
TN-030,What happens if you drive without insurance in Tennessee?,Suspension plus fines plus possible felony,A warning only for the first offense given,A small fine only is applied to you here,Points on your license but no fine given,A
TN-031,When must headlights be used in Tennessee?,Sunset to sunrise only is required,Sunset to sunrise or low visibility,Only during rain or severe weather,Only on rural roads is required here,B
TN-032,What does Tennessee Move Over law require?,Move over for emergency vehicles only,Move over only for police vehicles,Slow or move for emergency plus utility,There is no move over law in state,C
TN-034,What should Tennessee drivers know about mountain driving?,Mountains are only in eastern part state,Mountain roads have higher speed limits,Mountain roads are all well maintained,Mountains have no special driving concerns,A
TN-035,What is Tennessee law regarding school buses?,Stop only when on the same side road,Slow down to 25 mph when passing bus,Stop only when red lights are flashing,Stop in both directions unless barrier,D
TN-037,What should Tennessee drivers know about Nashville and Memphis?,Traffic is light in both metro areas,No special concerns in these areas,Major metro areas with heavy traffic,Traffic rules differ from state laws,C
TX-006,What restrictions apply to Texas provisional license?,No nighttime restrictions apply at all,No driving after sunset at any time,No driving from midnight to 5 AM,No driving from 10 PM to 5 AM only,C
TX-012,What is Texas Parent Taught Driver Education program?,Online only driver education course,Parent can teach driving course,Mandatory school driver education,Commercial driver education course,B
TX-017,What is Texas law on cell phones for young drivers?,No phone restrictions for any driver,Hands-free is allowed for all drivers,Only texting is banned for all drivers,No wireless device use for under 18,D
TX-030,What happens if you drive without insurance in Texas?,Fines plus possible license suspension,A warning only for the first offense,A small fine only is applied to you,Points on your license but no fine,A
TX-031,When must headlights be used in Texas?,Sunset to sunrise only is required,Only during rain or severe weather,Sunset to sunrise or low visibility,Only on rural roads is required here,C
TX-032,What does Texas Move Over law require?,Move over for emergency vehicles only,Move over only for police vehicles,There is no move over law in state,Slow or move for emergency plus utility,D
TX-034,What should Texas drivers know about weather?,Texas has very mild weather always,Extreme weather varies across state,Only southern Texas has hot weather,Weather has no effect on driving,B
TX-040,What should Texas drivers know about toll roads?,Texas has no toll roads at all here,Cash only tolls are accepted here,Extensive toll system in metro areas,Toll roads are free for residents,C
UT-006,What restrictions apply to Utah learner permit?,Must have licensed adult 21+ supervise,No supervision required at any time,Only parents can supervise driving,Only instructors can supervise here,A
UT-014,What is Utah law on texting while driving?,Texting is legal for adult drivers,Only banned in school zones here,Only banned for commercial drivers,Texting banned for all drivers now,D
UT-025,What does Utah implied consent law mean?,You can refuse all tests without penalty,Auto consent to testing when driving,Consent to vehicle searches only here,Consent to field sobriety tests only,B
UT-030,What happens if you drive without insurance in Utah?,A warning only for the first offense,A small fine only is applied to you,Fines plus suspension plus SR-22 filing,Points on your license but no fine,C
UT-031,When must headlights be used in Utah?,Sunset to sunrise or low visibility,Sunset to sunrise only is required,Only during rain or severe weather,Only on rural roads is required here,A
UT-032,What does Utah Move Over law require?,Move over for emergency vehicles only,Slow or move for emergency plus utility,Move over only for police vehicles,There is no move over law in state,B
UT-037,What should Utah drivers know about winter driving?,Snow is rare throughout the state,Chains are always required in winter,Mountain snow and canyon roads common,Salt trucks clear roads immediately,C
UT-038,What should Utah drivers know about air quality?,Air quality is always good in Utah,Winter inversions can reduce visibility,Only summer has air quality issues,Air quality has no driving impact,B
UT-040,What should Utah drivers know about national parks?,National parks have no special concerns,Parks are closed in winter season,Traffic rules differ in the parks,Park traffic heavy in tourist season,D
VT-006,What restrictions apply to Vermont junior license?,No nighttime restrictions apply at all,No driving after sunset at any time,Nighttime restrictions for first 3 mo,No driving from midnight to 6 AM only,C
VT-012,Who can supervise a Vermont permit holder?,Any adult with valid drivers license,Only professional driving instructors,Any licensed driver over age 21,Parent or licensed adult 25+ with exp,D
VT-024,What does Vermont implied consent law mean?,Auto consent to testing when driving,You can refuse all tests without penalty,Consent to vehicle searches only here,Consent to field sobriety tests only,A
VT-031,When must headlights be used in Vermont?,Sunset to sunrise only is required,Sunset to sunrise or low visibility,Only during rain or severe weather,Only on rural roads is required here,B
VT-032,What does Vermont Move Over law require?,Move over for emergency vehicles only,Move over only for police vehicles,Slow or move for emergency plus utility,There is no move over law in state,C
VT-034,What should Vermont drivers know about moose?,Moose are not found on Vermont roads,Moose are serious hazard at night time,Moose crossings are always marked,Moose only appear in northern areas,B
VT-037,What should Vermont drivers know about winter driving?,Snow is rare throughout the state,Chains are always required in winter,Salt trucks clear roads immediately,Severe winter conditions are common,D
VT-038,What should Vermont drivers know about leaf peeping season?,Leaf season has no impact on traffic,Only locals drive during fall season,Tourist traffic increases significantly,Roads close during leaf peeping season,C
VT-040,What should Vermont drivers know about unpaved roads?,All roads are paved in Vermont now,Unpaved roads only in remote areas,Unpaved roads are very rare here,Many unpaved roads exist in state,D
VA-008,What nighttime restrictions apply to Virginia provisional license?,No driving from midnight to 4 AM,No nighttime restrictions apply at all,No driving after sunset at any time,No driving from 10 PM to 5 AM only,A
VA-028,What type of insurance is required in Virginia?,No insurance required if you pay fee,Full coverage insurance is required,Collision insurance only is required,Comprehensive insurance is required,A
VA-029,What is the Virginia uninsured motorist fee?,Fee to drive without paying for insurance,Penalty for driving without insurance,Insurance discount for safe drivers,Fee for uninsured driver accidents,A
VA-032,What does Virginia Move Over law require?,Move over for emergency vehicles only,Slow or move for emergency plus utility,Move over only for police vehicles,There is no move over law in state,B
VA-034,What should Virginia drivers know about Northern Virginia?,Traffic is light in the metro area,No special concerns in the area,Heavy congestion near DC metro area,Traffic rules same as rest of state,C
VA-035,What is Virginia law regarding school buses?,Stop only when on the same side road,Slow down to 25 mph when passing bus,Stop only when red lights are flashing,Stop in both directions unless barrier,D
VA-037,What should Virginia drivers know about mountain driving?,Mountains are in western part state,Mountain roads have higher limits,Mountain roads all well maintained,Mountains have no special concerns,A
VA-038,What should Virginia drivers know about toll roads?,Virginia has no toll roads at all,Cash only tolls are accepted here,Several toll roads and HOT lanes,Toll roads are free for residents,C
VA-040,What should Virginia drivers know about the Hampton Roads area?,Traffic is light in the area here,Tunnels and bridges cause bottlenecks,No special concerns in the area,Traffic rules differ from state,B
WA-005,What restrictions apply to Washington intermediate license?,No driving from 1 AM to 5 AM period,No nighttime restrictions apply now,No driving after sunset at any time,No driving from midnight to 6 AM only,A
WA-006,What is the passenger restriction for Washington intermediate license?,Unlimited passengers are allowed now,No passengers under 20 for 6 months,No passengers under age 18 allowed,Up to three passengers allowed now,B
WA-008,What is the Washington intermediate driver education program?,Online only driver education course,Parent taught driver education here,Mandatory driver training for teens,Commercial driver education course,C
WA-018,What is Washington law on cell phones while driving?,No phone restrictions for any driver,Only texting is banned for drivers,Only banned for commercial drivers,Handheld use banned for all drivers,D
WA-025,What does Washington implied consent law mean?,Auto consent to testing when driving,You can refuse all tests without penalty,Consent to vehicle searches only here,Consent to field sobriety tests only,A
WA-031,When must headlights be used in Washington?,Sunset to sunrise only is required,Sunset to sunrise or low visibility,Only during rain or severe weather,Only on rural roads is required here,B
WA-032,What does Washington Move Over law require?,Move over for emergency vehicles only,Move over only for police vehicles,Slow or move for emergency plus utility,There is no move over law in state,C
WA-034,What should Washington drivers know about Seattle traffic?,Traffic is light in the metro area,No special concerns in the area,Traffic rules same as rest of state,Heavy congestion in metro area common,D
WA-037,What should Washington drivers know about mountain passes?,Mountain passes have no special concerns,Passes may close or need chains winter,All passes are open year round here,Passes have higher speed limits set,B
WV-006,What restrictions apply to West Virginia Level 2 license?,No driving from 10 PM to 5 AM hours,No nighttime restrictions apply now,No driving after sunset at any time,No driving from midnight to 6 AM only,A
WV-010,What happens to West Virginia teen driver with violations?,A warning only for the first offense,Extended time in graduated status,Fine only with no license impact,Points that clear at age 18 years,B
WV-011,What is unique about West Virginia driver education?,Optional for all age groups in state,Online only driver education here,Mandatory education for new drivers,Parent taught option available now,C
WV-018,What is West Virginia law on cell phones?,No phone restrictions for any driver,Hands-free is allowed for all drivers,Only texting is banned for all drivers,Texting banned for all drivers now,D
WV-030,What happens if you drive without insurance in West Virginia?,Suspension plus fines plus SR-22 filing,A warning only for the first offense,A small fine only is applied to you,Points on your license but no fine,A
WV-031,When must headlights be used in West Virginia?,Sunset to sunrise only is required,Sunset to sunrise or low visibility,Only during rain or severe weather,Only on rural roads is required here,B
WV-032,What does West Virginia Move Over law require?,Move over for emergency vehicles only,Move over only for police vehicles,Slow or move for emergency plus utility,There is no move over law in state,C
WV-034,What should West Virginia drivers know about mountain roads?,Mountains are throughout the state,Mountain roads have higher limits,Mountain roads all well maintained,Mountains have no special concerns,A
WV-038,What should West Virginia drivers know about coal trucks?,Coal trucks are prohibited on roads,Coal trucks are only in certain areas,Coal trucks have the right of way,Large coal trucks are common on roads,D
WV-040,What should West Virginia drivers know about winding roads?,All roads are straight in the state,Winding mountain roads are common,Winding roads only in state parks,Winding roads have higher limits,B
WI-008,What nighttime restrictions apply to Wisconsin probationary license?,No nighttime restrictions apply now,No driving after sunset at any time,No driving from midnight to 5 AM,No driving from 10 PM to 5 AM only,C
WI-009,What is the passenger restriction for Wisconsin probationary?,Unlimited passengers are allowed now,No passengers under age 18 allowed,Up to three passengers allowed now,One non-family passenger only,D
WI-026,What is unique about Wisconsin OWI laws?,First offense OWI is not criminal,OWI is always a felony offense here,No ignition interlock ever required,First offense has no license impact,A
WI-031,When must headlights be used in Wisconsin?,Sunset to sunrise only is required,Sunset to sunrise or low visibility,Only during rain or severe weather,Only on rural roads is required here,B
WI-032,What does Wisconsin Move Over law require?,Move over for emergency vehicles only,Move over only for police vehicles,Slow or move for emergency plus utility,There is no move over law in state,C
WI-035,What is Wisconsin law regarding school buses?,Stop only when on the same side road,Slow down to 25 mph when passing bus,Stop only when red lights are flashing,Stop in both directions unless barrier,D
WI-037,What should Wisconsin drivers know about winter driving?,Snow is rare throughout the state,Chains are always required in winter,Salt trucks clear roads immediately,Severe winter conditions are common,D
WI-038,What should Wisconsin drivers know about deer?,Deer collisions very common especially fall,Deer are not common on any state roads,Deer only cross at the marked crossings,Deer only appear in the rural areas here,A
WI-040,What should Wisconsin drivers know about Milwaukee?,Traffic is light in the metro area,No special concerns in the area,Metro area with heavier traffic,Traffic rules differ from state,C
WY-006,What restrictions apply to Wyoming intermediate license?,No nighttime restrictions apply now,No driving from 11 PM to 5 AM hours,No driving after sunset at any time,No driving from midnight to 6 AM only,B
WY-031,When must headlights be used in Wyoming?,Sunset to sunrise or low visibility,Sunset to sunrise only is required,Only during rain or severe weather,Only on rural roads is required here,A
WY-032,What does Wyoming Move Over law require?,Move over for emergency vehicles only,Slow or move for emergency plus utility,Move over only for police vehicles,There is no move over law in state,B
WY-034,What should Wyoming drivers know about wind?,Wind is not a significant concern,Wind only in certain areas of state,High winds can affect vehicles,Wind warnings are always posted,C
WY-037,What should Wyoming drivers know about wildlife?,Wildlife is not a significant concern,Wildlife only in national parks areas,Wildlife crossings are always marked,Large wildlife common on roadways,D
WY-038,What should Wyoming drivers know about winter driving?,Severe winter conditions are common,Snow is rare throughout the state,Chains are never needed in state,Salt trucks clear roads immediately,A
WY-040,What should Wyoming drivers know about long distances?,Services are frequent throughout state,Long distances between services exist,Speed limits are higher for distance,All roads have rest stops nearby,B
